Date,Sentiment,Feedback
2023-10-01,Positive,"Great product, very fast!"
2023-10-02,Positive,"Love the new UI updates."
2023-10-03,Neutral,"It's okay, but could be better."
2023-10-04,Negative,"Found a bug in the analysis engine."
2023-10-05,Positive,"Excellent support team."
2023-10-06,Negative,"Latency is too high today."
2023-10-07,Positive,"The best SaaS tool I've used."
2023-10-08,Neutral,"Average experience so far."
2023-10-09,Positive,"Highly recommend for data teams."
2023-10-10,Negative,"Pricing is a bit steep."
